2026-09-29 01:30	7c51bd2	PASS	build:PASS;gt_regress:PASS;gt_016a:PASS;gt_017a:PASS;gt_018a:PASS;gt_018a_rev:PASS;gt_019a:PASS;gt_020a:PASS;gt_021a:PASS;gi_gate2:PASS;gi_shade:PASS;no_errors:PASS
2026-09-29 01:54	4ffc125	PASS	build:PASS;gt_regress:PASS;gt_016a:PASS;gt_017a:PASS;gt_018a:PASS;gt_018a_rev:PASS;gt_019a:PASS;gt_020a:PASS;gt_021a:PASS;gi_gate2:PASS;gi_shade:PASS;no_errors:PASS
2026-09-29 02:05	43baa5d	PASS	build:PASS;gt_regress:PASS;gt_016a:PASS;gt_017a:PASS;gt_018a:PASS;gt_018a_rev:PASS;gt_019a:PASS;gt_020a:PASS;gt_021a:PASS;gi_gate2:PASS;gi_shade:PASS;render_main_018:PASS;render_main_019:PASS;no_errors:PASS	020:24706/62867
2026-09-29 02:29	d43c252	PASS	build:PASS;gt_regress:PASS;gt_016a:PASS;gt_017a:PASS;gt_018a:PASS;gt_018a_rev:PASS;gt_019a:PASS;gt_020a:PASS;gt_021a:PASS;gi_gate2:PASS;gi_shade:PASS;render_main_018:PASS;render_main_019:PASS;no_errors:PASS	020:22052/59486
2026-09-29 02:50	f0b0533	PASS	build:PASS;gt_regress:PASS;gt_016a:PASS;gt_017a:PASS;gt_018a:PASS;gt_018a_rev:PASS;gt_019a:PASS;gt_020a:PASS;gt_021a:PASS;gi_gate2:PASS;gi_shade:PASS;render_main_018:PASS;render_main_019:PASS;no_errors:PASS	020:20287/58011
2026-09-29 03:02	a149a04	FAIL	build:PASS;gt_regress:PASS;gt_016a:PASS;gt_017a:PASS;gt_018a:PASS;gt_018a_rev:PASS;gt_019a:PASS;gt_020a:PASS;gt_021a:PASS;gi_gate2:PASS;gi_shade:PASS;render_main_018:FAIL;render_main_019:FAIL;no_errors:PASS	020:21305/49701
2026-09-29 03:09	0ae1343	PASS	build:PASS;gt_regress:PASS;gt_016a:PASS;gt_017a:PASS;gt_018a:PASS;gt_018a_rev:PASS;gt_019a:PASS;gt_020a:PASS;gt_021a:PASS;gi_gate2:PASS;gi_shade:PASS;render_main_018:PASS;render_main_019:PASS;no_errors:PASS	020:21153/50864
2026-09-29 09:45	7fb7003	PASS	gt_regress:PASS;gt_016a:PASS;gt_017a:PASS;gt_018a:PASS;gt_018a_rev:PASS;gt_019a:PASS;gt_020a:PASS;gt_021a:PASS;gi_gate2:PASS;gi_shade:PASS;render_main_018:PASS;render_main_019:PASS;no_errors:PASS	020:19792/40460
2026-09-29 09:58	7fb7003	PASS	gt_regress:PASS;gt_016a:PASS;gt_017a:PASS;gt_018a:PASS;gt_018a_rev:PASS;gt_019a:PASS;gt_020a:PASS;gt_021a:PASS;gi_gate2:PASS;gi_shade:PASS;render_main_018:PASS;render_main_019:PASS;no_errors:PASS	020:18836/41551
2026-09-29 10:30	3a96b43	PASS	gt_regress:PASS;gt_016a:PASS;gt_017a:PASS;gt_018a:PASS;gt_018a_rev:PASS;gt_019a:PASS;gt_020a:PASS;gt_021a:PASS;gi_gate2:PASS;gi_shade:PASS;gt_023a:PASS;render_main_018:PASS;render_main_019:PASS;no_errors:PASS	020:23857/65436
2026-09-29 15:11	b6a6e54	PASS	gt_regress:PASS;gt_016a:PASS;gt_017a:PASS;gt_018a:PASS;gt_018a_rev:PASS;gt_019a:PASS;gt_020a:PASS;gt_021a:PASS;gi_gate2:PASS;gi_shade:PASS;gt_023a:PASS;render_main_018:PASS;render_main_019:PASS;no_errors:PASS	020:17526/38925
2026-09-29 15:38	1267b5b	PASS	module_boot:PASS;gt_regress:PASS;gt_016a:PASS;gt_017a:PASS;gt_018a:PASS;gt_018a_rev:PASS;gt_019a:PASS;gt_020a:PASS;gt_021a:PASS;gi_gate2:PASS;gi_shade:PASS;gt_023a:PASS;render_main_018:PASS;render_main_019:PASS;no_errors:PASS	020:17480/36990
2026-09-29 15:44	1267b5b	PASS	build:PASS;module_boot:PASS;gt_regress:PASS;gt_016a:PASS;gt_017a:PASS;gt_018a:PASS;gt_018a_rev:PASS;gt_019a:PASS;gt_020a:PASS;gt_021a:PASS;gi_gate2:PASS;gi_shade:PASS;gt_023a:PASS;render_main_018:PASS;render_main_019:PASS;no_errors:PASS	020:19509/37063
2026-09-29 17:15	b5915e2	PASS	module_boot:PASS;gt_regress:PASS;gt_016a:PASS;gt_017a:PASS;gt_018a:PASS;gt_018a_rev:PASS;gt_019a:PASS;gt_020a:PASS;gt_021a:PASS;gi_gate2:PASS;gi_shade:PASS;gt_023a:PASS;render_main_018:PASS;render_main_019:PASS;no_errors:PASS	020:17128/38666
2026-09-29 17:31	2f4308e	PASS	module_boot:PASS;gt_regress:PASS;gt_016a:PASS;gt_017a:PASS;gt_018a:PASS;gt_018a_rev:PASS;gt_019a:PASS;gt_020a:PASS;gt_021a:PASS;mat_v2_x1:PASS;gi_gate2:PASS;gi_shade:PASS;gt_023a:PASS;render_main_018:PASS;render_main_019:PASS;no_errors:PASS	020:17523/40011
2026-09-29 17:53	a8d750a	PASS	module_boot:PASS;gt_regress:PASS;gt_016a:PASS;gt_017a:PASS;gt_018a:PASS;gt_018a_rev:PASS;gt_019a:PASS;gt_020a:PASS;gt_021a:PASS;mat_v2_x1:PASS;gi_gate2:PASS;gi_shade:PASS;gt_023a:PASS;render_main_018:PASS;render_main_019:PASS;no_errors:PASS	020:20907/71627
2026-09-29 18:01	a8d750a	PASS	build:PASS;module_boot:PASS;gt_regress:PASS;gt_016a:PASS;gt_017a:PASS;gt_018a:PASS;gt_018a_rev:PASS;gt_019a:PASS;gt_020a:PASS;gt_021a:PASS;mat_v2_x1:PASS;gi_gate2:PASS;gi_shade:PASS;gt_023a:PASS;render_main_018:PASS;render_main_019:PASS;no_errors:PASS	020:17451/37674
2026-09-29 18:28	a8d750a	PASS	build:PASS;provenance:PASS;module_boot:PASS;gt_regress:PASS;gt_016a:PASS;gt_017a:PASS;gt_018a:PASS;gt_018a_rev:PASS;gt_019a:PASS;gt_020a:PASS;gt_021a:PASS;mat_v2_x1:PASS;gi_gate2:PASS;gi_shade:PASS;gt_023a:PASS;render_main_018:PASS;render_main_019:PASS;no_errors:PASS	020:17104/39076
2026-09-29 18:47	a8d750a	PASS	provenance:PASS;module_boot:PASS;gt_regress:PASS;gt_016a:PASS;gt_017a:PASS;gt_018a:PASS;gt_018a_rev:PASS;gt_019a:PASS;gt_020a:PASS;gt_021a:PASS;mat_v2_x1:PASS;gi_gate2:PASS;gi_shade:PASS;gt_023a:PASS;render_main_018:PASS;render_main_019:PASS;no_errors:PASS	020:17149/35347
2026-09-29 18:56	e841c9a	PASS	build:PASS;provenance:PASS;module_boot:PASS;gt_regress:PASS;gt_016a:PASS;gt_017a:PASS;gt_018a:PASS;gt_018a_rev:PASS;gt_019a:PASS;gt_020a:PASS;gt_021a:PASS;mat_v2_x1:PASS;gi_gate2:PASS;gi_shade:PASS;gt_023a:PASS;render_main_018:PASS;render_main_019:PASS;no_errors:PASS	020:19912/47929
2026-09-29 19:09	42f1d4b	PASS	build:PASS;provenance:PASS;module_boot:PASS;gt_regress:PASS;gt_016a:PASS;gt_017a:PASS;gt_018a:PASS;gt_018a_rev:PASS;gt_019a:PASS;gt_020a:PASS;gt_021a:PASS;mat_v2_x1:PASS;gi_gate2:PASS;gi_shade:PASS;gt_023a:PASS;render_main_018:PASS;render_main_019:PASS;no_errors:PASS	020:17909/39990
2026-09-29 19:24	42f1d4b	PASS	build:PASS;provenance:PASS;module_boot:PASS;gt_regress:PASS;gt_016a:PASS;gt_017a:PASS;gt_018a:PASS;gt_018a_rev:PASS;gt_019a:PASS;gt_020a:PASS;gt_021a:PASS;mat_v2_x1:PASS;gi_gate2:PASS;gi_shade:PASS;gt_023a:PASS;render_main_018:PASS;render_main_019:PASS;no_errors:PASS	020:16125/39833
